{
    "metadata":{
        "normal":42,
        "version":3,
        "type":"BufferGeometry",
        "generator":"io_three",
        "position":42
    },
    "data":{
        "groups":[{
            "materialIndex":0,
            "start":0,
            "count":42
        }],
        "index":{
            "type":"Uint16Array",
            "array":[0,1,2,3,4,5,6,7,8,9,10,11,12,13,14,15,16,17,18,19,20,21,22,23,24,25,26,27,28,29,30,31,32,33,34,35,36,37,38,39,40,41],
            "itemSize":1
        },
        "attributes":{
            "normal":{
                "type":"Float32Array",
                "array":[-0.016328,-0.999429,0.0295763,-0.016328,-0.999429,0.0295763,-0.016328,-0.999429,0.0295763,0.00576013,0.806077,-0.591782,0.00576013,0.806077,-0.591782,0.00576013,0.806077,-0.591782,0.872696,0.486133,-0.0455678,0.872696,0.486133,-0.0455678,0.872696,0.486133,-0.0455678,0.0160275,0.814354,0.580147,0.0160275,0.814354,0.580147,0.0160275,0.814354,0.580147,-0.860169,0.50975,0.0162313,-0.860169,0.50975,0.0162313,-0.860169,0.50975,0.0162313,-0.0169935,-0.999631,-0.0211745,-0.0169935,-0.999631,-0.0211745,-0.0169935,-0.999631,-0.0211745,-0.0163281,-0.999429,0.0295761,-0.0163281,-0.999429,0.0295761,-0.0163281,-0.999429,0.0295761,0.0144917,0.8089,-0.587767,0.0144917,0.8089,-0.587767,0.0144917,0.8089,-0.587767,0.00697363,0.805477,-0.592586,0.00697363,0.805477,-0.592586,0.00697363,0.805477,-0.592586,0.873376,0.486845,0.0140089,0.873376,0.486845,0.0140089,0.873376,0.486845,0.0140089,0.0211889,0.81192,0.583385,0.0211889,0.81192,0.583385,0.0211889,0.81192,0.583385,0.0329018,0.815696,0.577544,0.0329018,0.815696,0.577544,0.0329018,0.815696,0.577544,-0.860357,0.509642,0.00708258,-0.860357,0.509642,0.00708258,-0.860357,0.509642,0.00708258,-0.0169935,-0.999631,-0.0211745,-0.0169935,-0.999631,-0.0211745,-0.0169935,-0.999631,-0.0211745],
                "itemSize":3
            },
            "position":{
                "type":"Float32Array",
                "array":[1.33244,0.161596,6.38648e-05,-1.02774,0.242757,1.43966,-1.07851,0.201916,0.0315165,-1.07245,0.231889,-1.38839,0.3462,1.24119,0.000200479,1.3385,0.19157,-1.41985,1.33244,0.161596,6.38648e-05,0.737114,1.22975,-0.00590855,1.38321,0.202438,1.40821,0.3462,1.24119,0.000200479,-0.456318,1.25263,0.00630954,-1.02774,0.242757,1.43966,-0.456318,1.25263,0.00630954,-1.07851,0.201916,0.0315165,-1.02774,0.242757,1.43966,1.33244,0.161596,6.38648e-05,-1.07245,0.231889,-1.38839,1.3385,0.19157,-1.41985,1.33244,0.161596,6.38648e-05,1.38321,0.202438,1.40821,-1.02774,0.242757,1.43966,0.737114,1.22975,-0.00590855,1.3385,0.19157,-1.41985,0.3462,1.24119,0.000200479,-1.07245,0.231889,-1.38839,-0.456318,1.25263,0.00630954,0.3462,1.24119,0.000200479,1.33244,0.161596,6.38648e-05,1.3385,0.19157,-1.41985,0.737114,1.22975,-0.00590855,-1.02774,0.242757,1.43966,1.38321,0.202438,1.40821,0.3462,1.24119,0.000200479,0.737114,1.22975,-0.00590855,0.3462,1.24119,0.000200479,1.38321,0.202438,1.40821,-0.456318,1.25263,0.00630954,-1.07245,0.231889,-1.38839,-1.07851,0.201916,0.0315165,1.33244,0.161596,6.38648e-05,-1.07851,0.201916,0.0315165,-1.07245,0.231889,-1.38839],
                "itemSize":3
            }
        }
    }
}