{
    "normals":[-0.148045,0.967315,-0.205847,0.287362,0.22776,0.930326,0.148045,-0.967315,0.205847,-0.285348,-0.241066,-0.92758,-0.946898,-0.0785546,0.311716,-0.946898,-0.0785852,0.311716,0.946898,0.0785546,-0.311747,0.0719626,0.893185,0.443831,-0.953154,-0.0837733,0.290597,-0.957183,-0.0876492,0.275857,-0.950743,-0.0816981,0.298929,-0.957152,-0.0877712,0.275857,-0.0735191,-0.891018,-0.447951,0.950743,0.0816675,-0.298929,0.957183,0.0876186,-0.275857,0.953154,0.0837733,-0.290597,0.957152,0.0877712,-0.275887,-0.144108,0.970519,-0.193091,0.144108,-0.970519,0.193091,0.946898,0.0785546,-0.311716,-0.143773,0.970794,-0.192022,-0.285012,-0.239906,-0.928007,0.143773,-0.970794,0.192022,0.286996,0.2266,0.930723,0.94705,0.0787072,-0.311197,-0.94705,-0.0787072,0.311197,-0.295419,0.592975,-0.749046,0.953276,0.0840175,-0.290109,0.957366,0.087466,-0.275277,0.950865,0.0820032,-0.298441,0.957366,0.087344,-0.275246,0.29603,-0.589038,0.751915,0.29603,-0.589038,0.751885,-0.950865,-0.0820032,0.298441,-0.957366,-0.087466,0.275277,-0.953276,-0.084048,0.290109,-0.957396,-0.087344,0.275216,-0.14771,0.967589,-0.204779,0.14771,-0.967589,0.204779],
    "metadata":{
        "uvs":1,
        "faces":56,
        "vertices":104,
        "version":3,
        "normals":39,
        "generator":"io_three",
        "materials":1,
        "type":"Geometry"
    },
    "uvs":[[0.625,0.25,0.375,0,0.625,0,0.375,0.25,0.375,0.5,0.625,0.5,0.375,0.75,0.625,0.75,0.375,1,0.625,1,0.875,0,0.875,0.25,0.125,0.25,0.125,0]],
    "faces":[42,36,32,34,0,0,1,2,0,0,0,42,32,36,39,0,1,0,3,0,0,0,42,46,42,44,0,0,4,3,1,1,1,42,42,46,48,0,4,0,5,1,1,1,42,55,50,52,0,5,6,4,2,2,2,42,50,55,58,0,6,5,7,2,2,2,42,33,59,35,0,8,7,9,3,3,3,42,59,33,51,0,7,8,6,3,3,3,42,7,56,1,0,10,11,2,4,5,4,42,37,1,56,0,0,2,11,5,4,5,42,0,53,6,0,1,12,13,6,6,6,42,53,0,40,0,12,1,3,6,6,6,42,38,60,41,0,0,3,3,7,7,7,42,60,38,62,0,3,0,0,7,7,7,42,63,57,64,0,0,5,5,8,9,10,42,57,63,3,0,5,0,0,9,8,11,42,66,65,5,0,4,5,5,12,12,12,42,66,5,54,0,4,5,4,12,12,12,42,67,4,61,0,4,4,3,13,14,15,42,4,2,61,0,4,3,3,14,16,15,42,47,8,9,0,0,3,0,17,17,17,42,8,47,45,0,3,0,3,17,17,17,42,13,64,49,0,0,5,5,4,10,4,42,64,13,63,0,5,0,0,10,4,8,42,43,14,10,0,4,5,5,18,18,18,42,43,10,11,0,4,5,4,18,18,18,42,12,67,61,0,3,4,3,19,13,15,42,67,12,15,0,4,3,4,13,19,19,42,68,71,74,0,0,3,1,20,20,20,42,68,74,76,0,0,1,2,20,20,20,42,82,78,80,0,0,4,3,21,21,21,42,78,82,84,0,4,0,5,21,21,21,42,91,86,89,0,6,5,7,22,22,22,42,86,91,93,0,5,6,4,22,22,22,42,75,90,77,0,8,7,9,23,23,23,42,90,75,92,0,7,8,6,23,23,23,42,23,87,17,0,10,11,2,24,24,24,42,69,17,87,0,0,2,11,24,24,24,42,16,94,22,0,1,12,13,25,25,25,42,94,16,72,0,12,1,3,25,25,25,42,98,70,96,0,3,0,0,26,26,26,42,70,98,73,0,0,3,3,26,26,26,42,97,88,100,0,0,5,5,27,28,29,42,88,97,19,0,5,0,0,28,27,30,42,21,95,102,0,5,4,4,31,32,31,42,21,102,101,0,5,4,5,31,31,31,42,103,20,99,0,4,4,3,33,34,35,42,20,18,99,0,4,3,3,34,36,35,42,83,81,24,0,0,3,3,37,37,37,42,83,24,25,0,0,3,0,37,37,37,42,29,100,85,0,0,5,5,24,29,24,42,100,29,97,0,5,0,0,29,24,27,42,26,27,79,0,5,4,4,38,38,38,42,26,79,30,0,5,4,5,38,38,38,42,28,103,99,0,3,4,3,25,33,35,42,103,28,31,0,4,3,4,33,25,25],
    "vertices":[0.00348628,0.00218213,-0.0605619,-0.0366478,-0.00114867,-0.0473491,0.0102197,0.00787047,-0.0386759,-0.0299147,0.00453964,-0.0254629,0.0120651,-0.00418663,-0.0361099,-0.0280693,-0.00751746,-0.022897,0.00533152,-0.00987497,-0.057996,-0.0348026,-0.0132058,-0.0447831,0.0166645,-0.00217187,-0.0195117,-0.02347,-0.0055027,-0.00629866,-0.0216737,-0.0175998,-0.00389171,0.0184608,-0.014269,-0.0171046,0.0206813,0.00101212,-0.00650728,-0.019453,-0.00231871,0.00670552,-0.0176568,-0.0144159,0.0091126,0.0224775,-0.0110851,-0.00410032,-0.00661707,0.0243975,0.0548931,0.0335239,0.0277339,0.0417023,-0.0133892,0.0190506,0.032933,0.026752,0.022387,0.0197421,-0.0115969,0.00695008,0.0353266,0.0285444,0.0102865,0.0221356,-0.00482476,0.012297,0.0572867,0.0353162,0.0156334,0.0440959,-0.0155972,0.00101924,0.0195298,0.0245441,0.00435567,0.00633883,0.0263853,-0.00770479,0.00889146,-0.0137558,-0.0110412,0.0220822,-0.019581,-0.00233442,0.00655806,0.02056,0.00100201,-0.0066328,0.0224015,-0.0110585,-0.0040803,-0.0177395,-0.0143949,0.00911057,0.00348628,0.00218213,-0.0605619,0.00348628,0.00218213,-0.0605619,-0.0366478,-0.00114867,-0.0473491,-0.0366478,-0.00114867,-0.0473491,-0.0299147,0.00453964,-0.0254629,-0.0299147,0.00453964,-0.0254629,-0.0299147,0.00453964,-0.0254629,0.0102197,0.00787047,-0.0386759,0.0102197,0.00787047,-0.0386759,0.0102197,0.00787047,-0.0386759,0.0224775,-0.0110851,-0.00410032,0.0224775,-0.0110851,-0.00410032,0.0206813,0.00101212,-0.00650728,0.0206813,0.00101212,-0.00650728,-0.019453,-0.00231871,0.00670552,-0.019453,-0.00231871,0.00670552,-0.0176568,-0.0144159,0.0091126,-0.0176568,-0.0144159,0.0091126,0.00533152,-0.00987497,-0.057996,0.00533152,-0.00987497,-0.057996,0.0120651,-0.00418663,-0.0361099,0.0120651,-0.00418663,-0.0361099,0.0120651,-0.00418663,-0.0361099,-0.0280693,-0.00751746,-0.022897,-0.0280693,-0.00751746,-0.022897,-0.0280693,-0.00751746,-0.022897,-0.0348026,-0.0132058,-0.0447831,-0.0348026,-0.0132058,-0.0447831,0.0166645,-0.00217187,-0.0195117,0.0166645,-0.00217187,-0.0195117,-0.02347,-0.0055027,-0.00629866,-0.02347,-0.0055027,-0.00629866,-0.0216737,-0.0175998,-0.00389171,-0.0216737,-0.0175998,-0.00389171,0.0184608,-0.014269,-0.0171046,0.0184608,-0.014269,-0.0171046,0.026752,0.022387,0.0197421,0.026752,0.022387,0.0197421,0.026752,0.022387,0.0197421,-0.0133892,0.0190506,0.032933,-0.0133892,0.0190506,0.032933,-0.0133892,0.0190506,0.032933,-0.00661707,0.0243975,0.0548931,-0.00661707,0.0243975,0.0548931,0.0335239,0.0277339,0.0417023,0.0335239,0.0277339,0.0417023,-0.0177395,-0.0143949,0.00911057,-0.0177395,-0.0143949,0.00911057,-0.019581,-0.00233442,0.00655806,-0.019581,-0.00233442,0.00655806,0.02056,0.00100201,-0.0066328,0.02056,0.00100201,-0.0066328,0.0224015,-0.0110585,-0.0040803,0.0224015,-0.0110585,-0.0040803,0.0285444,0.0102865,0.0221356,0.0285444,0.0102865,0.0221356,0.0285444,0.0102865,0.0221356,0.0353162,0.0156334,0.0440959,0.0353162,0.0156334,0.0440959,-0.00482476,0.012297,0.0572867,-0.00482476,0.012297,0.0572867,-0.0115969,0.00695008,0.0353266,-0.0115969,0.00695008,0.0353266,-0.0115969,0.00695008,0.0353266,0.0245441,0.00435567,0.00633883,0.0245441,0.00435567,0.00633883,-0.0155972,0.00101924,0.0195298,-0.0155972,0.00101924,0.0195298,0.0263853,-0.00770479,0.00889146,0.0263853,-0.00770479,0.00889146,-0.0137558,-0.0110412,0.0220822,-0.0137558,-0.0110412,0.0220822],
    "materials":[{
        "blending":1,
        "transparent":false,
        "doubleSided":false,
        "DbgIndex":0,
        "specularCoef":49,
        "DbgName":"pasted__Bird",
        "shading":"phong",
        "depthTest":true,
        "opacity":1,
        "colorEmissive":[0,0,0],
        "wireframe":false,
        "colorDiffuse":[1,1,1],
        "depthWrite":true,
        "colorSpecular":[0.5,0.5,0.5],
        "visible":true,
        "DbgColor":15658734
    }]
}