{
    "materials":[{
        "doubleSided":false,
        "DbgColor":15658734,
        "visible":true,
        "blending":1,
        "colorEmissive":[0,0,0],
        "colorSpecular":[0.5,0.5,0.5],
        "DbgName":"Material.003",
        "depthTest":true,
        "depthWrite":true,
        "transparent":false,
        "opacity":1,
        "colorDiffuse":[0.639282,0.639282,0.639282],
        "wireframe":false,
        "shading":"phong",
        "DbgIndex":0,
        "specularCoef":50
    },{
        "doubleSided":false,
        "DbgColor":15597568,
        "visible":true,
        "blending":1,
        "colorEmissive":[0,0,0],
        "colorSpecular":[0.1,0.1,0.1],
        "DbgName":"Red",
        "depthTest":true,
        "depthWrite":true,
        "transparent":false,
        "opacity":1,
        "colorDiffuse":[0.8,0.266678,0.25463],
        "wireframe":false,
        "shading":"phong",
        "DbgIndex":1,
        "specularCoef":50
    },{
        "doubleSided":false,
        "DbgColor":60928,
        "visible":true,
        "blending":1,
        "colorEmissive":[0,0,0],
        "colorSpecular":[0.5,0.5,0.5],
        "DbgName":"Material.002",
        "depthTest":true,
        "depthWrite":true,
        "transparent":false,
        "opacity":1,
        "colorDiffuse":[0.8,0.477762,0.00121411],
        "wireframe":false,
        "shading":"phong",
        "DbgIndex":2,
        "specularCoef":50
    }],
    "faces":[3,0,1,3,2,0,3,2,3,7,6,0,3,6,7,5,4,0,3,1,0,4,5,0,3,4,0,2,6,0,3,7,3,1,5,0,2,8,10,12,1,2,9,13,11,1,3,10,11,13,12,1,2,8,12,14,1,2,9,15,13,1,3,12,13,15,14,1,2,8,14,16,1,2,9,17,15,1,3,14,15,17,16,1,2,8,16,18,1,2,9,19,17,1,3,16,17,19,18,1,2,8,18,20,1,2,9,21,19,1,3,18,19,21,20,1,2,8,20,22,1,2,9,23,21,1,3,20,21,23,22,1,2,8,22,24,1,2,9,25,23,1,3,22,23,25,24,1,2,8,24,26,1,2,9,27,25,1,3,24,25,27,26,1,2,8,26,28,1,2,9,29,27,1,3,26,27,29,28,1,2,8,28,30,1,2,9,31,29,1,3,28,29,31,30,1,2,8,30,32,1,2,9,33,31,1,3,30,31,33,32,1,2,8,32,34,1,2,9,35,33,1,3,32,33,35,34,1,2,8,34,36,1,2,9,37,35,1,3,34,35,37,36,1,2,8,36,38,1,2,9,39,37,1,3,36,37,39,38,1,2,8,38,40,1,2,9,41,39,1,3,38,39,41,40,1,2,8,40,42,1,2,9,43,41,1,3,40,41,43,42,1,2,8,42,44,1,2,9,45,43,1,3,42,43,45,44,1,2,8,44,46,1,2,9,47,45,1,3,44,45,47,46,1,2,8,46,48,1,2,9,49,47,1,3,46,47,49,48,1,2,8,48,50,1,2,9,51,49,1,3,48,49,51,50,1,2,8,50,52,1,2,9,53,51,1,3,50,51,53,52,1,2,8,52,54,1,2,9,55,53,1,3,52,53,55,54,1,2,8,54,56,1,2,9,57,55,1,3,54,55,57,56,1,2,8,56,58,1,2,9,59,57,1,3,56,57,59,58,1,2,8,58,60,1,2,9,61,59,1,3,58,59,61,60,1,2,8,60,62,1,2,9,63,61,1,3,60,61,63,62,1,2,8,62,64,1,2,9,65,63,1,3,62,63,65,64,1,2,8,64,66,1,2,9,67,65,1,3,64,65,67,66,1,2,8,66,68,1,2,9,69,67,1,3,66,67,69,68,1,2,8,68,70,1,2,9,71,69,1,3,68,69,71,70,1,2,8,70,72,1,2,9,73,71,1,3,70,71,73,72,1,2,8,72,74,1,2,9,75,73,1,3,72,73,75,74,1,2,8,74,76,1,2,9,77,75,1,3,74,75,77,76,1,2,8,76,78,1,2,9,79,77,1,3,76,77,79,78,1,2,8,78,80,1,2,9,81,79,1,3,78,79,81,80,1,2,8,80,82,1,2,9,83,81,1,3,80,81,83,82,1,2,8,82,84,1,2,9,85,83,1,3,82,83,85,84,1,2,8,84,86,1,2,9,87,85,1,3,84,85,87,86,1,2,8,86,88,1,2,9,89,87,1,3,86,87,89,88,1,2,8,88,90,1,2,9,91,89,1,3,88,89,91,90,1,2,8,90,92,1,2,9,93,91,1,3,90,91,93,92,1,2,8,92,94,1,2,9,95,93,1,3,92,93,95,94,1,2,8,94,96,1,2,9,97,95,1,3,94,95,97,96,1,2,8,96,98,1,2,9,99,97,1,3,96,97,99,98,1,2,8,98,100,1,2,9,101,99,1,3,98,99,101,100,1,2,8,100,102,1,2,9,103,101,1,3,100,101,103,102,1,2,8,102,104,1,2,9,105,103,1,3,102,103,105,104,1,2,8,104,106,1,2,9,107,105,1,3,104,105,107,106,1,2,8,106,108,1,2,9,109,107,1,3,106,107,109,108,1,2,8,108,110,1,2,9,111,109,1,3,108,109,111,110,1,2,8,110,112,1,2,9,113,111,1,3,110,111,113,112,1,2,8,112,114,1,2,9,115,113,1,3,112,113,115,114,1,2,8,114,116,1,2,9,117,115,1,3,114,115,117,116,1,2,8,116,10,1,2,9,11,117,1,3,116,117,11,10,1,3,118,119,121,120,0,3,120,121,125,124,0,3,124,125,123,122,0,3,122,123,119,118,0,3,120,124,122,118,0,3,125,121,119,123,0,3,126,127,129,128,0,3,128,129,133,132,0,3,132,133,131,130,0,3,130,131,127,126,0,3,128,132,130,126,0,3,133,129,127,131,0,3,134,135,137,136,0,3,136,137,141,140,0,3,140,141,139,138,0,3,138,139,135,134,0,3,136,140,138,134,0,3,141,137,135,139,0,3,142,143,145,144,0,3,144,145,149,148,0,3,148,149,147,146,0,3,146,147,143,142,0,3,144,148,146,142,0,3,149,145,143,147,0,3,150,151,153,152,0,3,152,153,157,156,0,3,156,157,155,154,0,3,154,155,151,150,0,3,152,156,154,150,0,3,157,153,151,155,0,2,158,171,170,2,2,159,171,173,2,2,158,170,175,2,2,158,175,177,2,2,158,177,174,2,2,159,173,180,2,2,160,172,182,2,2,161,176,184,2,2,162,178,186,2,2,163,179,188,2,2,159,180,183,2,2,160,182,185,2,2,161,184,187,2,2,162,186,189,2,2,163,188,181,2,2,164,190,195,2,2,165,191,197,2,2,166,192,198,2,2,167,193,199,2,2,168,194,196,2,2,196,199,169,2,2,196,194,199,2,2,194,167,199,2,2,199,198,169,2,2,199,193,198,2,2,193,166,198,2,2,198,197,169,2,2,198,192,197,2,2,192,165,197,2,2,197,195,169,2,2,197,191,195,2,2,191,164,195,2,2,195,196,169,2,2,195,190,196,2,2,190,168,196,2,2,181,194,168,2,2,181,188,194,2,2,188,167,194,2,2,189,193,167,2,2,189,186,193,2,2,186,166,193,2,2,187,192,166,2,2,187,184,192,2,2,184,165,192,2,2,185,191,165,2,2,185,182,191,2,2,182,164,191,2,2,183,190,164,2,2,183,180,190,2,2,180,168,190,2,2,188,189,167,2,2,188,179,189,2,2,179,162,189,2,2,186,187,166,2,2,186,178,187,2,2,178,161,187,2,2,184,185,165,2,2,184,176,185,2,2,176,160,185,2,2,182,183,164,2,2,182,172,183,2,2,172,159,183,2,2,180,181,168,2,2,180,173,181,2,2,173,163,181,2,2,174,179,163,2,2,174,177,179,2,2,177,162,179,2,2,177,178,162,2,2,177,175,178,2,2,175,161,178,2,2,175,176,161,2,2,175,170,176,2,2,170,160,176,2,2,173,174,163,2,2,173,171,174,2,2,171,158,174,2,2,170,172,160,2,2,170,171,172,2,2,171,159,172,2,3,200,201,203,202,1,3,202,203,207,206,1,3,206,207,205,204,1,3,204,205,201,200,1,3,202,206,204,200,1,3,207,203,201,205,1,3,208,209,211,210,1,3,210,211,215,214,1,3,214,215,213,212,1,3,212,213,209,208,1,3,210,214,212,208,1,3,215,211,209,213,1,3,216,217,219,218,1,3,218,219,223,222,1,3,222,223,221,220,1,3,220,221,217,216,1,3,218,222,220,216,1,3,223,219,217,221,1,3,224,225,227,226,1,3,226,227,231,230,1,3,230,231,229,228,1,3,228,229,225,224,1,3,226,230,228,224,1,3,231,227,225,229,1,3,232,233,235,234,1,3,234,235,239,238,1,3,238,239,237,236,1,3,236,237,233,232,1,3,234,238,236,232,1,3,239,235,233,237,1,3,240,241,243,242,1,3,242,243,247,246,1,3,246,247,245,244,1,3,244,245,241,240,1,3,242,246,244,240,1,3,247,243,241,245,1,2,248,250,252,1,2,249,253,251,1,3,250,251,253,252,1,2,248,252,254,1,2,249,255,253,1,3,252,253,255,254,1,2,248,254,256,1,2,249,257,255,1,3,254,255,257,256,1,2,248,256,258,1,2,249,259,257,1,3,256,257,259,258,1,2,248,258,260,1,2,249,261,259,1,3,258,259,261,260,1,2,248,260,262,1,2,249,263,261,1,3,260,261,263,262,1,2,248,262,264,1,2,249,265,263,1,3,262,263,265,264,1,2,248,264,266,1,2,249,267,265,1,3,264,265,267,266,1,2,248,266,268,1,2,249,269,267,1,3,266,267,269,268,1,2,248,268,250,1,2,249,251,269,1,3,268,269,251,250,1,2,270,272,274,1,2,271,275,273,1,3,272,273,275,274,1,2,270,274,276,1,2,271,277,275,1,3,274,275,277,276,1,2,270,276,278,1,2,271,279,277,1,3,276,277,279,278,1,2,270,278,280,1,2,271,281,279,1,3,278,279,281,280,1,2,270,280,282,1,2,271,283,281,1,3,280,281,283,282,1,2,270,282,284,1,2,271,285,283,1,3,282,283,285,284,1,2,270,284,286,1,2,271,287,285,1,3,284,285,287,286,1,2,270,286,288,1,2,271,289,287,1,3,286,287,289,288,1,2,270,288,290,1,2,271,291,289,1,3,288,289,291,290,1,2,270,290,272,1,2,271,273,291,1,3,290,291,273,272,1,2,292,294,296,1,2,293,297,295,1,3,294,295,297,296,1,2,292,296,298,1,2,293,299,297,1,3,296,297,299,298,1,2,292,298,300,1,2,293,301,299,1,3,298,299,301,300,1,2,292,300,302,1,2,293,303,301,1,3,300,301,303,302,1,2,292,302,304,1,2,293,305,303,1,3,302,303,305,304,1,2,292,304,306,1,2,293,307,305,1,3,304,305,307,306,1,2,292,306,308,1,2,293,309,307,1,3,306,307,309,308,1,2,292,308,310,1,2,293,311,309,1,3,308,309,311,310,1,2,292,310,312,1,2,293,313,311,1,3,310,311,313,312,1,2,292,312,294,1,2,293,295,313,1,3,312,313,295,294,1],