{
    "vertices":[0,-0.0196793,-1,0,1.98032,-8.65626e-08,0.19509,-0.0196793,-0.980785,0.382683,-0.0196793,-0.92388,0.55557,-0.0196793,-0.83147,0.707107,-0.0196793,-0.707107,0.83147,-0.0196793,-0.55557,0.92388,-0.0196793,-0.382683,0.980785,-0.0196793,-0.19509,1,-0.0196793,-7.46377e-08,0.980785,-0.0196793,0.19509,0.92388,-0.0196793,0.382683,0.83147,-0.0196793,0.55557,0.707107,-0.0196792,0.707107,0.55557,-0.0196792,0.83147,0.382683,-0.0196792,0.92388,0.19509,-0.0196792,0.980785,-3.25841e-07,-0.0196792,1,-0.195091,-0.0196792,0.980785,-0.382684,-0.0196792,0.923879,-0.555571,-0.0196792,0.831469,-0.707107,-0.0196792,0.707106,-0.83147,-0.0196793,0.55557,-0.92388,-0.0196793,0.382683,-0.980785,-0.0196793,0.195089,-1,-0.0196793,-9.64739e-07,-0.980785,-0.0196793,-0.195091,-0.923879,-0.0196793,-0.382684,-0.831469,-0.0196793,-0.555571,-0.707106,-0.0196793,-0.707108,-0.555569,-0.0196793,-0.83147,-0.382682,-0.0196793,-0.92388,-0.195089,-0.0196793,-0.980786],
    "faces":[2,0,1,2,0,2,2,1,3,0,2,3,1,4,0,2,4,1,5,0,2,5,1,6,0,2,6,1,7,0,2,7,1,8,0,2,8,1,9,0,2,9,1,10,0,2,10,1,11,0,2,11,1,12,0,2,12,1,13,0,2,13,1,14,0,2,14,1,15,0,2,15,1,16,0,2,16,1,17,0,2,17,1,18,0,2,18,1,19,0,2,19,1,20,0,2,20,1,21,0,2,21,1,22,0,2,22,1,23,0,2,23,1,24,0,2,24,1,25,0,2,25,1,26,0,2,26,1,27,0,2,27,1,28,0,2,28,1,29,0,2,29,1,30,0,2,30,1,31,0,2,31,1,32,0,2,32,1,0,0,2,32,0,2,0,2,2,3,4,0,2,4,5,6,0,2,6,7,8,0,2,8,9,10,0,2,10,11,12,0,2,12,13,14,0,2,14,15,16,0,2,16,17,18,0,2,18,19,20,0,2,20,21,22,0,2,22,23,24,0,2,24,25,26,0,2,26,27,28,0,2,28,29,30,0,2,30,31,32,0,2,32,2,4,0,2,4,6,8,0,2,8,10,12,0,2,12,14,16,0,2,16,18,20,0,2,20,22,24,0,2,24,26,28,0,2,28,30,32,0,2,32,4,8,0,2,8,12,16,0,2,16,20,24,0,2,24,28,32,0,2,32,8,16,0,2,16,24,32,0],
    "metadata":{
        "vertices":33,
        "type":"Geometry",
        "materials":1,
        "faces":62,
        "version":3,
        "generator":"io_three"
    },
    "materials":[{
        "doubleSided":false,
        "depthWrite":true,
        "DbgName":"Material.002",
        "shading":"phong",
        "colorDiffuse":[0.0717858,0.306187,0.0220846],
        "wireframe":false,
        "DbgColor":15658734,
        "depthTest":true,
        "transparent":false,
        "colorSpecular":[0.5,0.5,0.5],
        "opacity":1,
        "specularCoef":50,
        "DbgIndex":0,
        "visible":true,
        "blending":1,
        "colorEmissive":[0,0,0]
    }]
}