{
    "vertices":[1,-0.0719535,-1,0.877714,-0.0695236,0.951695,-0.959155,-0.0704232,0.91643,0.434376,1.84589,-0.434136,-0.517226,1.8682,-0.176274,1,-0.0719535,6.27498e-08,0.614854,1.20556,-0.786329,0.733969,0.928046,0.678255,-0.678255,0.928047,0.825938,0.488383,1.8421,0.191348,-3.32435e-07,1.84204,0.490844,-0.850166,1.02947,-0.663919,-2.98023e-07,0.928047,0.881021,0.879029,0.928046,2.57457e-07,-0.967525,-0.0721006,-0.997479],
    "normals":[0.000472966,-0.999999,0.000874385,0.0162061,0.999514,0.0266332,0.91588,0.350419,0.195882,-0.1151,0.299096,-0.947256,-0.994499,0.104663,0.00425741,-0.945143,0.299902,0.129473,0.0245109,0.999692,0.00392852,7.47661e-05,-1,0,-0.00114509,-0.999996,0.00240616,-0.165583,0.499807,-0.850162,-0.416106,0.568866,0.709399,-0.0358362,0.0697792,0.996919,-0.00127592,0.164589,-0.986361,-0.951507,0.279362,0.128809,0.340619,0.443516,0.829019,0.254873,0.289612,0.922586,0.975513,0.151146,0.159779,0.96826,0.22532,-0.108188,0.915059,0.381737,-0.130168],
    "materials":[{
        "colorEmissive":[0,0,0],
        "doubleSided":false,
        "opacity":1,
        "wireframe":false,
        "colorDiffuse":[0.406047,0.439081,0.35202],
        "blending":1,
        "visible":true,
        "depthWrite":true,
        "depthTest":true,
        "DbgColor":15658734,
        "shading":"lambert",
        "transparent":false,
        "DbgName":"Material",
        "DbgIndex":0
    }],
    "metadata":{
        "type":"Geometry",
        "uvs":0,
        "version":3,
        "generator":"io_three",
        "faces":19,
        "normals":19,
        "materials":1,
        "vertices":15
    },
    "uvs":[],
    "faces":[34,1,2,14,0,0,0,0,34,9,4,10,0,1,1,1,34,13,9,7,0,2,2,2,34,14,11,6,0,3,3,3,34,2,11,14,0,4,4,4,34,4,11,8,0,5,5,5,34,4,9,3,0,6,6,6,34,5,14,0,0,7,7,7,34,5,1,14,0,8,8,8,35,4,3,6,11,0,9,9,9,9,35,8,12,10,4,0,10,10,10,10,35,8,2,1,12,0,11,11,11,11,34,6,0,14,0,12,12,12,34,8,11,2,0,13,13,13,35,10,12,7,9,0,14,14,14,14,34,7,12,1,0,15,15,15,35,7,1,5,13,0,16,16,16,16,35,5,0,6,13,0,17,17,17,17,35,13,6,3,9,0,18,18,18,18]
}