{
    "normals":[0,0,-1,0,-0,1,1,-4.17233e-07,1.78814e-07,-3.57628e-07,-1,-5.68434e-14,-1,2.08616e-07,-1.49012e-07,2.38419e-07,1,1.19209e-07,2.38419e-07,1,2.38419e-07,2.98023e-07,1,2.38419e-07,2.38419e-07,1,1.78814e-07,-1,2.38419e-07,-1.19209e-07,-1,2.38419e-07,-1.19209e-07,-1,2.38419e-07,-1.19209e-07,-1.49012e-07,-1,-2.98024e-08,-1.78814e-07,-1,-1.78814e-07,-3.57628e-07,-1,-2.38419e-07,1,-1.49012e-07,2.08616e-07,1,-1.49012e-07,-8.9407e-08,1,-4.47035e-07,-8.94071e-08],
    "metadata":{
        "normals":18,
        "vertices":26,
        "uvs":0,
        "version":3,
        "morphTargets":1,
        "materials":1,
        "generator":"io_three",
        "type":"Geometry",
        "faces":24
    },
    "vertices":[1,1,-1,1,-1,-1,-1,-1,-1,-1,1,-1,1,0.999999,1,0.999999,-1,1,-1,-1,1,-1,1,1,1,-5.96046e-08,-1,1.78814e-07,1,-1,1,1,0,0,-1,-1,1,-1,0,-1,2.98023e-07,-1,-1,-1,0,-1,1,0,1,-5.36442e-07,1,2.38419e-07,1,1,-5.36442e-07,-1,1,-1,1.78814e-07,1,2.38419e-07,1,0,-1,2.38419e-07,0,-2.98023e-07,-1,0,1,-2.98023e-07,0,-1.49012e-07,-1.78814e-07,1,5.96046e-08,1.19209e-07,-1],
    "uvs":[],
    "morphTargets":[{
        "vertices":[1,1,-1,1,-1,-1,-1,-1,-1,-1,1,-1,1.00665,1.00665,1.00665,0.999999,-1,1,-1,-1,1,-1.00665,1.00665,1.00665,1,-5.96046e-08,-1,1.78814e-07,1,-1,1,1,0,0,-1,-1,1,-1,0,-1,2.98023e-07,-1,-1,-1,0,-1,1,0,1,-5.36442e-07,1,2.38419e-07,1,1,-5.36442e-07,-1,1,-1,1.78814e-07,1,2.38419e-07,1,0,-1,2.38419e-07,0,-2.98023e-07,-1,0,1,-2.98023e-07,0,4.70877e-06,0.0509899,2.53634,5.96046e-08,1.19209e-07,-1],
        "name":"Key 1"
    }],
    "faces":[35,25,11,2,13,0,0,0,0,0,35,24,19,6,18,0,1,1,1,1,35,23,16,5,12,0,2,2,2,2,35,22,18,6,14,0,3,3,3,3,35,21,19,7,15,0,4,4,4,4,35,20,9,3,15,0,5,5,5,5,35,17,20,15,7,0,6,6,6,6,35,4,10,20,17,0,7,7,7,7,35,10,0,9,20,0,8,8,8,8,35,13,21,15,3,0,9,9,9,9,35,2,14,21,13,0,10,10,10,10,35,14,6,19,21,0,11,11,11,11,35,11,22,14,2,0,12,12,12,12,35,1,12,22,11,0,13,13,13,13,35,12,5,18,22,0,14,14,14,14,35,8,23,12,1,0,15,15,15,15,35,0,10,23,8,0,16,16,16,16,35,10,4,16,23,0,17,17,17,17,35,16,24,18,5,0,1,1,1,1,35,4,17,24,16,0,1,1,1,1,35,17,7,19,24,0,1,1,1,1,35,9,25,13,3,0,0,0,0,0,35,0,8,25,9,0,0,0,0,0,35,8,1,11,25,0,0,0,0,0],
    "materials":[{
        "shading":"phong",
        "depthWrite":true,
        "doubleSided":false,
        "opacity":1,
        "DbgColor":15658734,
        "blending":1,
        "wireframe":false,
        "colorDiffuse":[0.186983,0.64,0.123074],
        "transparent":false,
        "specularCoef":50,
        "DbgIndex":0,
        "DbgName":"Material",
        "colorEmissive":[0,0,0],
        "depthTest":true,
        "colorSpecular":[0.5,0.5,0.5],
        "visible":true
    }]
}