{
    "vertices":[0.0953863,1.45201,-0.999725,-0.0935626,-0.0147882,0.25982,0.397852,1.37395,-0.99927,0.710183,0.892946,-1.00011,0.929202,0.0590021,-0.999565,-0.152727,-0.990208,-0.999707,-0.722721,-0.685354,-1.00048,-0.99564,0.12375,-0.999953,-0.216175,1.16142,-1.00046,0.688846,0.556832,-0.998532,0.302863,0.956441,-0.302552,-0.0216731,0.513173,0.0487299,0.118549,0.892448,-0.57002,-0.103005,0.410089,0.333333,-0.217632,0.649858,-0.0869931,-0.420094,0.342464,-0.0422475,0.792355,-0.207138,-1.00044,-0.463507,0.23878,0.333333,0.88387,-0.468207,-0.999827,-0.477595,-0.00547917,0.341897,-0.426088,6.43733e-07,-0.333333,-0.635704,-0.2966,-0.366153,0.482012,-0.878915,-1.00006,-0.60582,-0.297234,0.134391,0.138105,-0.988868,-0.999954,-0.340162,-0.54732,0.107508,-0.104815,-0.411344,0.23381,-0.460058,-0.886246,-0.999636,-2.17228e-07,-0.666667,-0.333333,0.165995,-0.502192,0.277939,0.280341,-0.710488,-0.582862,-0.87547,-0.482753,-0.999003,-0.983686,-0.103005,-1,0.237683,-0.16165,0.295294,-0.856205,0.504094,-0.999611,0.205849,0.00983706,0.153701,0.090804,0.152905,0.283394,-0.58022,0.816078,-0.999819,-0.56547,0.418313,-0.261933,-0.79684,0.103006,-0.333333,-0.650352,-0.103005,-0.333333,-0.544945,-0.4656,-0.333333,-0.01241,-0.477875,0.278239,0.103005,-0.835526,-0.388728,0.144837,-0.310564,0.100894,0.527239,-0.264589,-0.261342,0.201397,0.61255,-0.451932],
    "normals":[0.886476,0.311545,0.342199,0.61816,-0.605123,0.501702,0.269006,-0.840937,0.469532,-0.291358,-0.861597,0.415646,-0.76623,-0.579707,0.277185,-0.878998,-0.249419,0.40639,-0.868803,0.318163,0.379412,-0.682118,0.603687,0.412647,-0.591155,0.63255,0.500416,0.260495,0.842198,0.472065,0.319871,0.857886,0.402137,0.963542,-0.024682,0.266415,-0.63746,0.672678,0.375698,-0.740466,0.544959,0.393357,-0.377439,0.372037,0.848014,-0.971284,-0.0613599,0.229876,0.641141,0.749354,-0.165549,0.0852677,0.95786,0.274287,0.58004,0.765543,0.278384,-0.805993,0.533244,0.256957,-0.801077,0.521158,0.294399,-0.267358,-0.96231,0.0497874,-0.267583,-0.963121,-0.0282276,-0.89781,0.0670426,0.435251,0.209468,0.0221911,0.977564,-0.76336,-0.0403772,0.64471,-0.408581,0.889565,0.204291,-0.417259,0.908458,-0.0244563,-0.885359,-0.142037,0.442679,-0.957967,-0.116898,0.26198,-0.678695,0.733249,0.0414492,-0.928086,0.36815,0.0558756,0.150329,-0.616028,0.773247,-0.0725672,-0.941389,0.329426,-0.876168,-0.337103,0.344516,-0.665487,-0.725698,0.174614,-0.113279,-0.224376,0.967896,-0.58105,-0.758478,0.295114,0.391149,-0.891019,0.230406,-0.451789,-0.0456167,0.890958,-0.651853,-0.67646,0.342767,0.559159,-0.788909,0.254881,-0.459108,-0.0451646,0.887231,0.00451507,-0.899972,0.435924,-0.837462,-0.539484,0.0872529,-0.820431,-0.550788,0.153379,0.70651,-0.675793,0.210112,0.726255,-0.639844,0.251302,-0.119649,-0.883434,0.453022,0.00727518,0.0410167,0.999132,0.459793,-0.723814,0.514474,0.978781,0.186497,0.0848902,0.808619,0.444924,0.384939,-0.359794,-0.649777,0.66958,0.513716,-0.730742,0.449569,0.463726,-0.796267,0.38848,0.804982,0.494906,0.327219,0.782607,-0.403962,0.473646,0.832664,0.436237,0.341129,0.207446,0.645455,0.735088,0.828441,0.187874,0.527625,0.328343,-0.475705,0.816025,0.787111,0.379013,0.486626,0.743377,-0.0440519,0.667421,0.613074,0.62518,0.483001,0.760119,-0.434244,0.483376,-0.658732,0.67853,0.325069,0.76788,0.497898,0.40306,-0.678093,0.667526,0.307568,-0.822977,-0.00393556,0.56806,0.606599,0.454689,0.652146,0.155147,0.605718,0.780407,0.847479,0.34493,0.403489,0.980769,-0.0591854,0.185984,0.00120765,0.00265712,-0.999996,0.00218656,-0.00157301,-0.999996,-0.000858068,0.00172813,-0.999998,-0.00295471,-0.0080519,-0.999963,-0.0211052,-0.00863809,-0.99974,0.00165498,0.000293595,-0.999999,-0.00694373,0.00547656,-0.999961,0.00168785,0.000701767,-0.999998,-0.00905414,-0.0041265,-0.99995,-0.00511556,0.00180037,-0.999985,-8.428e-05,-0.00268505,-0.999996,-0.000271578,0.000698139,-1,0.00358284,-0.0047731,-0.999982,0.00392979,0.000497308,-0.999992,0.000472707,0.000781665,-1,2.82046e-05,0.000351559,-1],
    "materials":[{
        "colorEmissive":[0,0,0],
        "doubleSided":false,
        "colorSpecular":[0.5,0.5,0.5],
        "opacity":1,
        "wireframe":false,
        "colorDiffuse":[0.1059,0.267459,0.134759],
        "blending":1,
        "visible":true,
        "depthWrite":true,
        "depthTest":true,
        "DbgColor":15658734,
        "specularCoef":50,
        "shading":"Lambert",
        "transparent":false,
        "DbgName":"Roughage",
        "DbgIndex":0
    }],
    "metadata":{
        "type":"Geometry",
        "uvs":0,
        "morphTargets":1,
        "version":3,
        "generator":"io_three",
        "faces":90,
        "normals":90,
        "materials":1,
        "vertices":47
    },
    "uvs":[],
    "morphTargets":[{
        "name":"Key 1",
        "vertices":[0.0953863,1.6371,-0.999725,-0.0935626,-0.0147882,0.922051,0.397852,1.55904,-0.99927,0.710183,1.07803,-1.00011,0.929202,0.0590021,-0.999565,-0.152727,-0.990208,-0.999707,-0.722721,-0.685354,-1.00048,-0.99564,0.12375,-0.999953,-0.216175,1.34651,-1.00046,0.688846,0.556832,-0.998532,0.302863,1.14153,-0.302552,-0.0216731,0.69826,0.425226,0.118549,1.07754,-0.57002,-0.103005,0.410089,0.709829,-0.217632,0.649858,0.289503,-0.420094,0.342464,0.334249,0.792355,-0.207138,-1.00044,-0.463507,0.23878,0.709829,0.88387,-0.468207,-0.999827,-0.477595,-0.00547917,0.718393,-0.83244,6.43733e-07,-0.333333,-0.635704,-0.2966,-0.366153,0.482012,-0.878915,-1.00006,-0.60582,-0.297234,0.510887,0.138105,-0.988868,-0.999954,-0.340162,-0.54732,0.484004,-0.104815,-0.411344,0.610306,-0.460058,-0.886246,-0.999636,-2.17228e-07,-0.666667,-0.333333,0.165995,-0.502192,0.654435,0.280341,-0.710488,-0.582862,-0.87547,-0.482753,-0.999003,-0.983686,-0.103005,-1,0.237683,-0.16165,0.67179,-0.856205,0.504094,-0.999611,0.205849,0.00983706,0.530198,0.090804,0.152905,0.65989,-0.58022,0.816078,-0.999819,-0.56547,0.418313,-0.261933,-0.79684,0.103006,-0.333333,-0.812998,-0.103046,-0.341623,-0.544945,-0.4656,-0.333333,-0.01241,-0.477875,0.654736,0.103005,-0.835526,-0.388728,0.144837,-0.310564,0.47739,0.527239,-0.264589,-0.261342,0.201397,0.61255,-0.451932]
    }],