{
    "materials":[{
        "DbgName":"Material",
        "colorEmissive":[0,0,0],
        "blending":1,
        "visible":true,
        "depthTest":true,
        "shading":"phong",
        "opacity":1,
        "DbgIndex":0,
        "transparent":false,
        "specularCoef":50,
        "colorSpecular":[0.5,0.5,0.5],
        "depthWrite":true,
        "colorDiffuse":[0.176049,0.34338,0.0487225],
        "DbgColor":15658734,
        "wireframe":false,
        "doubleSided":false
    }],
    "vertices":[1,1,-1,1,-1,-1,-1,-1,-1,-1,1,-1,0.908021,0.90802,1,0.907986,-0.908008,1.00217,-0.907987,-0.908007,1.00217,-0.908021,0.908021,1,0.913326,-0.000202905,1.35618,2.38419e-07,0.90802,1,-4.76444e-07,-0.907726,1.04006,-0.913326,-0.00020219,1.35618,-0.00950668,-0.0195641,13.1599,0.89873,-0.454497,1.62502,-0.454242,0.908118,1.01455,-0.403995,-0.858986,3.9335,-0.911848,0.455618,1.24,0.911848,0.455617,1.23999,0.454243,0.908118,1.01455,0.403994,-0.858987,3.93351,-0.898731,-0.454496,1.62502,-4.28408e-07,-0.45166,7.94964,5.96046e-08,0.457904,5.76232,0.458808,-0.00400523,5.25609,-0.458808,-0.00400487,5.2561,-0.460531,0.486872,5.04268,0.475503,0.462635,2.35163,0.444667,-0.454495,4.8073,-0.444708,-0.454498,4.80164,0.880725,-0.670114,2.71707,-0.681887,0.908387,1.05467,-0.679196,-0.907126,1.11284,-0.910999,0.682268,1.18676,0.912844,0.226821,1.32385,0.227005,0.90802,1,0.210289,-0.885159,3.22493,-0.899383,-0.227459,1.58382,-3.85451e-07,-0.643669,6.71348,-5.58794e-09,0.229965,10.8798,0.707866,0.00259216,3.78865,-0.218777,0.00110495,5.0834,0.899382,-0.22746,1.58383,-0.227005,0.908021,1,-0.210291,-0.88516,3.22475,-0.912844,0.226821,1.32385,0.910999,0.682267,1.18676,0.681888,0.908387,1.05467,0.679196,-0.907127,1.11284,-0.880727,-0.670113,2.71705,0.00010911,-0.225545,7.5086,1.44355e-07,0.681485,1.57502,0.217707,0.00118819,5.20739,-0.707866,0.00259287,3.78868,-0.476869,0.223919,2.98173,-0.469395,0.687484,1.96468,-0.207762,0.455342,2.57197,-0.709335,0.464922,2.78536,0.476869,0.223918,2.98178,0.469395,0.687483,1.96469,0.709335,0.464921,2.78536,0.207762,0.455342,2.57197,0.39837,-0.626814,4.20001,0.479057,-0.239252,4.64335,0.670663,-0.454711,1.69799,0.275375,-0.461872,4.34317,-0.398371,-0.626814,4.2,-0.478854,-0.239189,4.62812,-0.275376,-0.461872,4.34317,-0.670664,-0.454711,1.69794,-0.668493,-0.228077,2.616,-0.225119,-0.24724,8.79358,-0.231407,-0.68173,1.30079,0.225766,-0.247514,8.83168,0.668495,-0.228078,2.61572,0.620524,-0.656821,4.80508,0.226259,0.681087,1.05801,0.704552,0.69091,2.47582,0.71164,0.225837,3.05607,-0.704552,0.690911,2.47582,-0.226259,0.681087,1.05801,-0.227205,0.246538,4.33977,-0.71164,0.225837,3.05607,0.227205,0.246537,4.33974,0.231406,-0.68173,1.30079,-0.620524,-0.656821,4.80508],
    "metadata":{
        "generator":"io_three",
        "normals":101,
        "version":3,
        "faces":101,
        "materials":1,
        "vertices":85,
        "type":"Geometry",
        "uvs":0,
        "morphTargets":1
    },
    "uvs":[],
    "normals":[0,0,-1,-0.374674,-0.922848,0.0892767,0.998944,0,0.0459409,0.999873,-2.26516e-06,-0.0159476,0.99995,0.000700092,-0.00997199,0.997418,0.0100339,0.0711071,0.999868,-0.0017574,0.0161378,0.998946,3.53735e-05,0.0459072,0.99982,-0.00158253,-0.0189256,0.99951,-0.0162997,0.0267212,0.999888,-3.75307e-05,-0.014987,-8.93128e-08,-0.998946,0.0458979,0.0534751,-0.998321,0.0222554,0.0125681,-0.999345,0.0339392,-0.0187686,-0.99873,0.0467509,-0.0534661,-0.998322,0.0222545,-0.000226656,-0.999946,0.01035,0.000225675,-0.999946,0.0103503,-0.00417919,-0.998875,0.0472287,0.00376191,-0.999053,0.0433441,-0.998946,2.38167e-07,0.0459084,-0.999868,-0.00175647,0.0161378,-0.997418,0.0100392,0.0711145,-0.99995,0.000701436,-0.00996937,-0.999873,-1.69925e-06,-0.0159482,-0.998944,3.62109e-05,0.0459426,-0.99951,-0.016299,0.0267212,-0.99982,-0.001582,-0.0189263,-0.999888,-3.6744e-05,-0.014987,0.0128675,0.998834,0.046528,2.08396e-07,0.998944,0.0459412,3.57934e-07,0.999978,-0.00670466,0,0,0,3.50085e-07,0.999978,-0.00670442,-0.0087903,0.999029,0.0431835,0,0,1,-0.00328915,0.998996,0.0446723,3.14751e-07,0.998944,0.0459413,0.641157,-0.761948,0.0913936,0.986376,0.161493,0.031344,-0.983122,0.155783,0.0959292,-0.402813,0.90368,0.145272,0.561471,0.824254,0.0731855,-0.982081,0.125151,0.140906,0.385991,0.911875,0.139625,-0.748833,0.550966,0.368356,0.571875,0.817658,0.0662965,0.381331,-0.916884,0.11794,0.975614,-0.204989,0.0784624,0.413582,-0.904565,0.103499,0.930421,0.356501,0.0849967,-0.68626,-0.723447,0.0753108,-0.743481,-0.593441,0.308323,-0.975907,-0.203442,0.0788467,-0.882437,-0.457646,0.108928,-0.92931,-0.35019,0.117259,-0.425727,-0.898837,0.104157,-0.960956,-0.269774,0.0615191,-0.759719,0.643359,0.0944249,-0.64116,-0.761946,0.0913893,-0.806312,-0.589502,0.0484614,0.760382,-0.643474,0.0880953,0.683657,-0.725989,0.0745256,0.775433,0.624533,0.0930723,0.964319,-0.256404,0.0659215,0.743502,-0.593376,0.308398,0.929283,-0.350259,0.117266,0.884871,-0.452973,0.108714,0.374668,-0.922851,0.0892766,0.447437,0.889179,0.0957159,0.749398,0.649969,0.126265,-0.316106,0.923603,0.216874,-0.637077,0.701078,0.320347,0.554053,0.676449,0.485224,0.982081,0.125149,0.140906,0.628644,0.752241,0.197333,-0.222709,0.95802,0.180552,0.983123,0.155776,0.09593,0.987657,0.0989718,0.121404,-0.459725,0.783767,0.417567,-0.440658,0.890575,0.112683,0.22271,0.958019,0.180552,-0.628643,0.752241,0.197334,-0.571874,0.817658,0.0662964,-0.554053,0.676449,0.485224,0.637077,0.701078,0.320348,-0.982431,0.184233,0.0298065,-0.79309,0.60802,0.0363281,0.865541,-0.310059,0.393323,-0.385961,0.911888,0.139622,-0.776623,-0.604417,0.177584,-0.987657,0.0989699,0.121404,0.420884,0.896444,0.138723,0.497873,0.853299,0.154929,0.793093,0.608016,0.0363281,-0.930405,0.356542,0.0849983,-0.760464,-0.643398,0.0879448,0.806312,-0.589502,0.0484614,-0.381328,-0.916885,0.11794,-0.74772,0.651909,0.126214,-0.447431,0.889182,0.0957154],