{
    "metadata":{
        "generator":"io_three",
        "type":"Geometry",
        "vertices":73,
        "version":3,
        "faces":111,
        "materials":2
    },
    "faces":[2,8,12,7,0,2,6,14,4,0,2,8,12,10,0,2,14,13,11,0,2,11,13,16,0,2,12,16,11,0,2,17,21,16,0,2,17,20,21,0,2,18,19,20,0,2,9,22,25,0,2,5,24,23,0,2,34,28,32,1,2,32,28,30,1,2,31,26,35,1,2,31,27,26,1,2,34,29,37,1,2,33,29,34,1,2,32,31,29,1,2,32,30,31,1,2,36,37,35,1,2,36,28,37,1,2,44,49,43,1,2,60,51,54,1,2,61,59,55,1,2,53,59,61,1,2,59,60,57,1,2,56,51,55,1,2,51,52,55,1,2,63,70,66,1,2,63,64,70,1,2,71,65,66,1,3,4,3,22,2,0,2,1,2,22,0,3,6,5,3,4,0,3,8,24,5,7,0,2,5,6,7,0,3,10,9,24,8,0,2,10,8,7,0,2,7,6,4,0,2,4,2,1,0,2,1,0,10,0,2,10,7,4,0,2,4,1,10,0,3,11,2,4,14,0,2,10,0,9,0,2,9,25,24,0,3,14,6,7,12,0,2,1,2,11,0,3,11,0,10,12,0,3,18,17,13,14,0,2,0,1,11,0,2,12,15,16,0,2,12,15,14,0,2,14,15,18,0,3,19,21,16,15,0,2,13,17,16,0,2,18,15,19,0,2,17,18,20,0,2,3,23,24,0,2,24,25,22,0,2,24,22,3,0,3,27,30,36,26,1,2,5,23,3,0,2,37,28,34,1,3,46,38,41,42,1,2,33,34,32,1,2,28,36,30,1,2,37,31,35,1,2,29,31,37,1,2,31,30,27,1,2,33,32,29,1,2,26,36,35,1,3,38,46,44,47,1,2,39,48,40,1,2,40,42,41,1,2,48,49,40,1,2,40,49,42,1,3,44,43,45,47,1,2,48,39,43,1,3,50,58,54,51,1,2,39,45,43,1,2,47,41,38,1,2,39,40,45,1,2,45,41,47,1,2,45,40,41,1,2,43,49,48,1,2,46,42,44,1,2,42,49,44,1,3,60,53,61,52,1,3,56,55,59,57,1,2,52,51,60,1,2,56,58,50,1,2,56,57,58,1,3,67,65,72,62,1,2,57,54,58,1,2,57,60,54,1,2,53,60,59,1,2,55,52,61,1,2,50,51,56,1,3,63,66,65,67,1,3,64,68,66,70,1,2,62,72,69,1,2,69,71,68,1,2,71,66,68,1,2,72,71,69,1,3,0,1,22,9,0,2,72,65,71,1,2,69,67,62,1,2,64,63,68,1,2,68,63,69,1,2,69,63,67,1],
    "vertices":[1.00176,0.522955,-0.0712647,1.03866,0.48089,-0.0480891,1.05394,0.463466,0.00786177,0.78344,0.190185,0.102483,1.03866,0.48089,0.0638126,0.696433,0.289156,0.113335,1.00176,0.522955,0.0869882,0.964872,0.565021,0.0638126,0.949591,0.582445,0.00786176,0.698619,0.289097,-0.110892,0.964872,0.565021,-0.0480891,1.19073,0.686534,-0.0724438,1.10017,0.814217,-0.00882005,1.3536,1.11239,-0.0263649,1.25637,0.88561,0.0606158,1.26837,1.20005,0.0121991,1.30967,1.22165,-0.0571575,1.41703,1.73148,-0.0218248,1.38187,1.79198,0.0456408,1.38286,2.33553,0.00613373,1.40336,2.33522,-0.00499378,1.39165,2.3355,-0.0127165,0.811604,0.17902,-0.0542064,0.619812,0.177768,0.205095,0.495432,0.177644,-0.00290284,0.621203,0.177244,-0.211838,1.94214,2.1852,0.718996,1.79612,2.18097,0.808612,1.32459,2.15709,-0.439773,1.05014,2.09695,-0.259707,1.48341,2.31028,0.456341,1.48969,2.25826,0.46412,1.04386,2.14897,-0.267486,0.915621,1.81646,-0.628859,1.07261,1.83679,-0.728725,1.77042,2.26639,0.291833,1.76414,2.31841,0.284054,1.33087,2.10508,-0.431993,2.26888,2.31548,-0.0726043,0.64767,1.79994,0.210483,0.997093,2.16319,0.214413,1.81386,2.40192,0.0764089,1.76236,2.39013,-0.248809,0.960373,2.10054,-0.111302,1.77714,2.33927,-0.249306,1.01188,2.11233,0.213916,2.24456,2.30087,-0.241851,1.82865,2.35106,0.0759118,0.616055,1.80174,0.0264955,0.94559,2.1514,-0.110805,1.53937,2.28988,0.877218,1.62223,2.40168,0.408988,1.57108,2.23085,-0.43443,1.25648,1.94913,-0.798849,1.2966,2.45097,0.418753,1.56364,2.17954,-0.423586,1.61479,2.35037,0.419832,1.28916,2.39966,0.429597,1.36999,2.31552,0.882297,1.23802,2.22883,-0.41382,1.24546,2.28014,-0.424665,1.43954,1.91268,-0.802569,2.1489,1.79173,0.126988,0.975333,2.38817,0.0720917,0.533305,2.33716,-0.129439,1.86143,2.20637,-0.11089,1.03556,2.43242,-0.250715,1.78731,2.12868,0.200604,0.962121,2.33923,0.0567403,1.77409,2.07974,0.185253,0.571863,2.37757,-0.291464,1.84822,2.15743,-0.126241,2.18865,1.82755,-0.0518728],
    "materials":[{
        "shading":"phong",
        "depthWrite":true,
        "doubleSided":false,
        "opacity":1,
        "DbgColor":15658734,
        "blending":1,
        "wireframe":false,
        "colorDiffuse":[0.483062,0.356161,0.10195],
        "transparent":false,
        "specularCoef":50,
        "DbgIndex":0,
        "DbgName":"Trunk",
        "colorEmissive":[0,0,0],
        "depthTest":true,
        "colorSpecular":[0.5,0.5,0.5],
        "visible":true
    },{
        "shading":"phong",
        "depthWrite":true,
        "doubleSided":false,
        "opacity":1,
        "DbgColor":15597568,
        "blending":1,
        "wireframe":false,
        "colorDiffuse":[0.169785,0.334308,0.089546],
        "transparent":false,
        "specularCoef":50,
        "DbgIndex":1,
        "DbgName":"Leaves",
        "colorEmissive":[0,0,0],
        "depthTest":true,
        "colorSpecular":[0.5,0.5,0.5],
        "visible":true
    }]
}