{
    "vertices":[1.00176,0.522955,-0.0712647,1.03866,0.48089,-0.0480891,1.05394,0.463466,0.00786177,0.78344,0.190186,0.102483,1.03866,0.48089,0.0638126,0.696433,0.289156,0.113335,1.00176,0.522955,0.0869882,0.964872,0.565021,0.0638126,0.949591,0.582445,0.00786176,0.698619,0.289098,-0.110892,0.964872,0.565021,-0.0480891,1.19073,0.686534,-0.0724438,1.10017,0.814217,-0.00882004,1.3536,1.11239,-0.0263649,1.25637,0.88561,0.0606158,1.26837,1.20005,0.012199,1.30967,1.22165,-0.0571575,1.41703,1.73148,-0.0218248,1.38187,1.79198,0.0456408,1.3927,2.33563,0.00895443,1.40336,2.33522,-0.00499378,1.38399,2.33614,-0.0107205,0.811604,0.17902,-0.0542063,0.619812,0.177768,0.205095,0.495432,0.177644,-0.00290287,0.621203,0.177244,-0.211838,1.79612,2.18097,0.808612,1.94214,2.1852,0.718996,1.76414,2.31841,0.284054,1.32459,2.15709,-0.439773,1.07317,1.83221,-0.728038,1.48969,2.25826,0.46412,1.48341,2.31028,0.456341,1.33087,2.10508,-0.431994,1.05014,2.09695,-0.259707,1.04386,2.14897,-0.267486,0.914275,1.82761,-0.630526,1.77042,2.26639,0.291833,2.24209,2.30935,-0.241768,0.618519,1.79327,0.0264126,1.76236,2.39013,-0.248809,0.645206,1.80842,0.210566,0.997094,2.16319,0.214413,1.81386,2.40192,0.076409,1.77714,2.33927,-0.249306,0.960373,2.10054,-0.111302,1.82865,2.35106,0.0759119,2.27135,2.30701,-0.0726871,1.01188,2.11233,0.213916,0.94559,2.1514,-0.110805,1.53937,2.28988,0.877218,1.44016,1.91696,-0.803473,1.62223,2.40168,0.408988,1.56163,2.19031,-0.465252,1.23802,2.22883,-0.41382,1.24546,2.28014,-0.424664,1.61479,2.35037,0.419832,1.36999,2.31552,0.882297,1.28916,2.39966,0.429597,1.2966,2.45097,0.418753,1.25586,1.94485,-0.797946,0.533305,2.33716,-0.129439,2.1489,1.79173,0.126988,0.975333,2.38817,0.0720917,1.78731,2.12868,0.200604,2.18865,1.82755,-0.0518728,0.571863,2.37757,-0.291464,1.86143,2.20637,-0.110889,1.04946,2.46586,-0.239402,1.77409,2.07974,0.185253,0.962121,2.33923,0.0567403,1.03625,2.41692,-0.254753,1.84822,2.15743,-0.126241],
    "materials":[{
        "DbgColor":15658734,
        "shading":"phong",
        "DbgName":"Trunk",
        "specularCoef":50,
        "opacity":1,
        "colorDiffuse":[0.483062,0.356161,0.10195],
        "wireframe":false,
        "colorEmissive":[0,0,0],
        "DbgIndex":0,
        "transparent":false,
        "blending":1,
        "depthWrite":true,
        "visible":true,
        "doubleSided":false,
        "depthTest":true,
        "colorSpecular":[0.5,0.5,0.5]
    },{
        "DbgColor":15597568,
        "shading":"phong",
        "DbgName":"Leaves",
        "specularCoef":50,
        "opacity":1,
        "colorDiffuse":[0.169785,0.334308,0.089546],
        "wireframe":false,
        "colorEmissive":[0,0,0],
        "DbgIndex":1,
        "transparent":false,
        "blending":1,
        "depthWrite":true,
        "visible":true,
        "doubleSided":false,
        "depthTest":true,
        "colorSpecular":[0.5,0.5,0.5]
    }],
    "faces":[2,8,12,7,0,2,6,14,4,0,2,8,12,10,0,2,14,13,11,0,2,11,13,16,0,2,12,16,11,0,2,17,21,16,0,2,17,20,21,0,2,18,19,20,0,2,9,22,25,0,2,5,24,23,0,2,36,29,35,1,2,30,29,36,1,2,33,31,37,1,2,35,31,34,1,2,28,33,37,1,2,28,29,33,1,2,39,48,45,1,2,41,48,39,1,2,52,59,55,1,2,58,50,56,1,2,58,57,50,1,2,51,54,53,1,2,54,56,53,1,2,60,54,51,1,2,56,52,53,1,2,63,66,68,1,2,63,61,66,1,2,67,63,68,1,2,64,63,67,1,3,4,3,22,2,0,2,1,2,22,0,3,6,5,3,4,0,3,8,24,5,7,0,2,5,6,7,0,3,10,9,24,8,0,2,7,6,4,0,2,4,2,1,0,2,1,0,10,0,2,10,8,7,0,2,7,4,1,0,2,1,10,7,0,3,11,2,4,14,0,2,10,0,9,0,2,9,25,24,0,3,14,6,7,12,0,2,1,2,11,0,3,11,0,10,12,0,3,18,17,13,14,0,2,0,1,11,0,2,12,15,16,0,2,12,15,14,0,2,14,15,18,0,3,21,19,18,15,0,2,13,17,16,0,2,16,15,21,0,2,17,18,20,0,2,3,23,24,0,2,24,25,22,0,2,24,22,3,0,3,27,26,32,28,1,2,5,23,3,0,3,27,37,31,26,1,2,35,29,32,1,2,29,28,32,1,3,34,33,30,36,1,3,42,41,39,49,1,2,34,31,33,1,2,31,32,26,1,2,36,35,34,1,2,31,35,32,1,2,33,29,30,1,2,27,28,37,1,2,43,38,47,1,2,43,40,38,1,3,43,42,49,40,1,3,38,44,46,47,1,3,49,45,44,40,1,2,45,46,44,1,2,48,46,45,1,2,46,43,47,1,2,48,42,46,1,2,42,43,46,1,2,41,42,48,1,2,45,49,39,1,2,38,40,44,1,3,61,70,71,66,1,2,59,50,57,1,2,59,52,50,1,2,60,51,55,1,2,51,53,55,1,2,53,52,55,1,2,56,54,58,1,2,58,59,57,1,2,60,55,54,1,2,54,55,58,1,2,55,59,58,1,3,0,1,22,9,0,2,50,52,56,1,2,65,62,67,1,2,62,64,67,1,3,72,69,62,65,1,2,72,70,69,1,2,72,71,70,1,2,71,68,66,1,2,72,68,71,1,2,65,67,72,1,2,67,68,72,1,2,69,64,62,1,2,61,63,70,1,2,70,64,69,1,2,70,63,64,1],
    "metadata":{
        "materials":2,
        "generator":"io_three",
        "vertices":73,
        "faces":112,
        "version":3,
        "type":"Geometry"
    }
}