{
    "metadata":{
        "faces":40,
        "materials":1,
        "version":3,
        "generator":"io_three",
        "vertices":27,
        "type":"Geometry",
        "uvs":0,
        "morphTargets":0,
        "normals":40
    },
    "vertices":[-0.944764,-0.33846,-0.244503,-0.943403,0.649993,-0.247795,-0.945921,0.398136,-0.245513,-0.874958,-0.031248,-0.43379,-0.820862,0.155469,-0.403923,-0.854577,0.155688,-0.418236,-0.908757,0.155494,-0.338201,-0.92676,-0.33846,-0.291352,-0.872063,0.643876,-0.430935,-0.869789,-0.338937,-0.413613,-0.872612,0.649433,-0.216305,-0.901443,-0.314789,-0.37959,-0.800597,0.649431,-0.403701,-0.889926,0.402471,-0.216712,-0.940329,-0.337584,-0.221947,-0.944104,-0.0690177,-0.239331,-0.8748,0.155494,-0.263561,-0.915181,-0.125887,-0.385827,-0.92676,0.155494,-0.291352,-0.908757,-0.0914828,-0.338201,-0.892349,0.455089,-0.390619,-0.943883,0.402471,-0.304171,-0.896859,-0.0914828,-0.291352,-0.852717,-0.092273,-0.40483,-0.906881,-0.0914828,-0.263561,-0.917933,0.0701234,-0.219184,-0.817736,0.402415,-0.404576],
    "faces":[34,26,10,13,0,0,0,0,34,8,1,12,0,1,1,1,34,25,10,15,0,2,2,2,34,21,1,20,0,3,3,3,34,2,1,21,0,4,4,4,35,1,2,15,10,0,5,5,5,5,34,8,5,3,0,6,6,6,34,9,23,14,0,7,7,7,34,13,10,25,0,8,8,8,34,14,15,0,0,9,9,9,34,9,7,11,0,10,10,10,34,16,13,25,0,11,11,11,34,4,26,16,0,12,12,12,34,26,4,5,0,13,13,13,34,12,26,5,0,14,14,14,34,6,20,17,0,15,15,15,35,19,22,18,6,0,16,16,16,16,34,12,1,10,0,17,17,17,34,24,16,25,0,18,18,18,34,5,4,23,0,19,19,19,35,6,18,21,20,0,20,20,20,20,35,19,11,7,22,0,21,21,21,21,34,2,21,18,0,22,22,22,35,7,0,15,22,0,23,23,23,23,35,18,22,15,2,0,24,24,24,24,35,3,9,11,17,0,25,25,25,25,35,16,24,23,4,0,26,26,26,26,34,19,17,11,0,27,27,27,34,19,6,17,0,28,28,28,34,8,12,5,0,29,29,29,34,3,5,9,0,30,30,30,34,5,23,9,0,31,31,31,34,14,24,25,0,32,32,32,34,14,23,24,0,33,33,33,35,0,7,9,14,0,34,34,34,34,34,14,25,15,0,35,35,35,35,3,17,20,8,0,36,36,36,36,34,16,26,13,0,37,37,37,34,26,12,10,0,38,38,38,34,20,1,8,0,39,39,39],
    "materials":[{
        "visible":true,
        "DbgName":"Water",
        "opacity":1,
        "colorSpecular":[0.5,0.5,0.5],
        "depthWrite":true,
        "colorDiffuse":[0.0121668,0.254837,0.342952],
        "doubleSided":false,
        "transparent":false,
        "shading":"phong",
        "depthTest":true,
        "blending":1,
        "wireframe":false,
        "DbgColor":15658734,
        "specularCoef":90,
        "colorEmissive":[0,0,0],
        "DbgIndex":0
    }],
    "uvs":[],
    "morphTargets":[],
    "normals":[0.931419,-0.0658904,0.357933,-0.0564271,0.996875,-0.0552754,-0.784971,0.0583451,0.616779,-0.881257,0.106584,-0.460463,-0.999375,0.00968192,-0.0340043,-0.402895,0.0111665,0.915178,0.602041,0.000794311,-0.798465,0.935496,-0.0770289,0.344839,-0.378359,0.0250015,0.925321,-0.981206,-0.00130239,0.192957,-0.779079,-0.512535,-0.361032,0.779537,-0.0703202,0.622396,0.933395,-0.0108663,0.358686,0.390741,-0.00738229,-0.920471,0.543666,-0.0347506,-0.838582,-0.994992,0.0383414,-0.092312,-0.996068,-0.060297,-0.0649019,0.00675037,0.999974,0.00258269,0.806279,-0.104731,0.58219,0.390107,-0.0467909,-0.91958,-0.875457,-0.0584074,-0.479754,-0.994474,0.0556005,-0.0890483,-0.996667,-0.071168,-0.0398861,-0.827642,0.0545732,-0.558597,-0.877076,-0.0430969,-0.478415,-0.722422,-0.0641264,-0.688472,0.926677,-0.120412,0.356049,-0.981545,-0.0654541,0.179682,-0.991025,0,0.133678,0.356858,-0.0115153,-0.934088,0.763208,-0.0295061,-0.645478,0.759525,-0.0294334,-0.649812,0.907075,-0.0526586,0.417663,0.931552,-0.0661518,0.35754,0.0394753,-0.999014,0.0203209,-0.719209,0.0348062,0.693922,-0.848737,0.0165686,-0.528556,0.933398,-0.0108725,0.358677,0.931417,-0.0658964,0.35794,-0.931311,0.0224415,-0.363532]
}
